№;dTetta;Lambda
1;3;0.99700
2;6;0.98700
3;9;0.97200
4;12;0.94900
5;15;0.92100
6;18;0.88800
7;21;0.85000
8;24;0.79200
9;27;0.75660
10;30;0.70100
11;33;0.64710
12;36;0.57410
13;39;0.50900
14;42;0.44700
15;45;0.38500
16;48;0.31500
17;51;0.23500
18;54;0.15900
19;57;0.08500
20;60;0.00800
21;63;0.00960
22;66;0.16700
23;69;0.26600
24;72;0.34300
25;75;0.43200
26;78;0.52300
27;81;0.53800
28;84;0.63600
29;87;0.86500